,Kelly,Max Quad Util,Max Sharpe,CLA Max Sharpe,Min Vol,CLA Min Vol
1818.HK,0.262,0.30051,0.26551,0.28032,0.33065,0.33065
AUY,0.209,0.06579,0.18271,0.14104,0.0,0.0
CEY.L,0.016,0.05089,0.02104,0.02798,0.05542,0.05542
EVN.AX,0.084,0.0773,0.08234,0.08302,0.08353,0.08353
EXK,0.067,0.0,0.04871,0.041,0.0,0.0
FNV,0.331,0.35,0.35,0.35,0.35,0.35
OGC.TO,0.011,0.09233,0.0232,0.03642,0.09162,0.09162
WDO.TO,0.02,0.06318,0.02648,0.04023,0.08878,0.08878
